id,date,content,Code,topic,sentiment
i0kfu8k,2022-03-14 10:02:45,voluntari dont want volunt ask wont get bump volunt list list tell ask instead ask random passeng sign time frequent refus cant get toler altern,AA,"""Travel Experience""",-0.0572
l1f6x4z,2024-04-27 06:41:36,imo given window technic behind row would say passeng row window seat right open close shade,AA,"""Travel Experience Insights""_3",0.0
k77o4zh,2023-10-31 18:52:31,flight number,AA,"""Travel Experience""",0.0772
k7883ky,2023-10-31 18:52:31,flight,AA,"""Travel Experience""",0.0
k789dmu,2023-10-31 21:55:05,thank ill share anoth custom servic rep,AA,"""Travel Experience Insights""_4",0.2263
l1srqgw,2024-04-29 23:30:57,must get qr confirm write mile post qr account otherwis escal qr credit segment aa,AA,"""Travel Experience""",0.3818
l4pzc39,2024-04-29 23:30:57,tri earli process said screenshot account suffici refus,AA,"""Travel Experience Insights""",0.0
koc9byz,2024-02-01 05:22:13,plane gener byod bring phone ondemand entertain stream free,AA,"""Travel Experience Insights""",0.6808
koca7s6,2024-02-01 05:22:13,thank,AA,"""Travel Experience Insights""_4",0.3612
l8nyzge,2024-06-15 09:05:08,restaur kitchen close restaur close,AA,"""Travel Experience Insights""",0.0
l8nyy6k,2024-06-15 09:04:52,first time fli,AA,"""Travel Experience""",0.0
l8o0t0f,2024-06-15 09:04:52,guess im comfort continu take pound figur peopl would,AA,"""Travel Experience""",0.3612
l8ouwjm,2024-06-15 13:43:27,also tight connect arriv gate find door close even though plane still cutoff process paperwork prepar plane understand might caus frustrat class action lawsuit would success entir industri includ govern regul defin departur time plane suppos leav gate accept gate close time happen,AA,"""Travel Experience Insights""",0.6597
jx94sue,2023-08-22 18:21:20,like issu cut compet hardwar store pair side cutter bolt cutter borrow aka purchas return,AA,"""Travel Experience""_2",0.1027
litzytu,2024-08-19 13:49:26,experi southwest far superior im sure,AA,"""Travel Experience""",0.7003
litd7m4,2024-08-19 10:37:26,dont book aa im sure never ever delay,AA,"""Travel Experience""",0.5043
jc2a7g3,2023-03-13 23:00:32,zoom team webex etc call allow flight,AA,"""Travel Experience""",0.2263
jc6ls72,2023-03-14 20:50:48,port thing like typic block,AA,"""Travel Experience Insights""_4",-0.1027
jwutloz,2023-08-19 21:25:15,nope,AA,"""Travel Experience Insights""",0.0
jxemc85,2023-08-23 20:50:49,dont tell app your check bag wait airport wont case time like,AA,"""Travel Experience""_2",-0.2755
jr7yvka,2023-07-09 08:51:15,implement onlin featur use far know buggi havent seen instanc someon actual abl use sadli call go best option sure use callback featur,AA,"""Travel Experience""",0.7579
jr7z86f,2023-07-09 08:51:15,thank call back hour later call drop wait mess,AA,"""Travel Experience""",-0.2732
jrfttau,2023-07-11 03:08:06,think opportun check use credit voucher,AA,"""Travel Experience""",0.3818
ksomfoi,2024-02-29 20:05:27,lose ticket indic abl travel normal assum record locat may want contact aa chat app let know issu one passeng reserv travel,AA,"""Travel Experience Insights""_3",-0.34
ksor5rh,2024-02-29 20:05:27,thank,AA,"""Travel Experience Insights""_4",0.3612
kdiz0et,2023-12-16 05:42:02,unless rack ton mile,AA,"""Travel Experience Insights""",0.0
kdlygu8,2023-12-16 21:35:18,unless mani mile wont notic gone capit one loung cheaper mile better dont need capit one card enter arent full,AA,"""Travel Experience""_2",0.4404
kdmgsfm,2023-12-16 21:35:18,ive never seen line c loung except leav pm flight,AA,"""Travel Experience""",0.0
kdum1sr,2023-12-16 21:35:18,thank,AA,"""Travel Experience Insights""_4",0.3612
kba26bt,2023-11-30 00:32:38,region probabl screw,AA,"""Travel Experience Insights""",-0.1027
kba4aq3,2023-11-30 00:32:38,im figur probabl,AA,"""Travel Experience""",0.0
lk8fwt8,2024-08-28 04:38:59,get cheapest flight anywher find expir date use credit pay youll get rest credit trip credit new expir date,AA,"""Travel Experience""",0.7506
lka0e97,2024-08-28 10:09:46,also call ask make except,AA,"""Travel Experience""",0.0
lrg1hlu,2024-08-28 10:09:46,realli deni refund guess delay trip due mom death tri recov isnt big deal gone,AA,"""Travel Experience Insights""_3",-0.7351
kxvc1h5,2024-04-03 23:59:01,access plat end feb use loung everi pond hop year,AA,"""Travel Experience""",0.0
ky1zvr6,2024-04-03 23:59:01,thank purchas time wife babi us want guarante quiet space receptionist busi leav plan confirm access left ill travel work soon go confid base respons initi confus mostli lack clear detail lack consist across websit read oneworld access rule inwa certain read aa ambigu websit loung unhelp henc ask wider group,AA,"""Travel Experience""",0.0258
kxo8dyf,2024-04-02 17:11:10,bump,AA,"""Travel Experience Insights""",0.0
kxomvnp,2024-04-02 17:11:10,know get travel us busi class dublin airport option pay reserv,AA,"""Travel Experience Insights""_3",-0.1027
jod5s0s,2023-06-17 00:07:03,make aadvantag account put number system use book concur super easi mile earn base spent also make sure hotel point major citi often id suggest hyatt im smaller town middl nowher tri stick hilton marriott,AA,"""Travel Experience Insights""",0.7579
jodhybv,2023-06-17 01:31:25,get aadvantag execut world elit mastercard there annual fee come admir club membership your interest earn statu put possibl expens even better employ let use person card airlin ticket purchas reimburs aa gone fulli use brand credit card spend gain statu buttinseat fli secondari boost mile effort toward statu book rocket mile bookaahotelscom base mile count toward loyalti point your go,AA,"""Travel Experience""",0.9274
jx4hmnk,2023-08-21 20:43:12,im sure im follow experienc domest long haul intern,AA,"""Travel Experience""",0.3182
jx4igdm,2023-08-21 20:43:12,would make differ domest paid premium economi got upgrad first got refund premium economi seat,AA,"""Travel Experience""_2",0.0
jx56ix0,2023-08-21 23:34:53,im assum paid mce true pe either case gold refund unless your upgrad abil select mce consid upgrad sens fare code sens your also elig free pe differ fare code,AA,"""Travel Experience Insights""_3",0.7269
jx6klms,2023-08-21 23:34:53,make sens,AA,"""Travel Experience""_2",0.0
joalic0,2023-06-16 08:44:20,prospect agent compani wheelchair american chicago pick take um room right across k someon room time prospect someon room connect aa manag offic couch tv hole bunch movi big window overlook taxiway field also restroom insid vend machin insid take cash snack flight almost board someon prospect take gate get flight,AA,"""Travel Experience""",0.6527
jod5njz,2023-06-16 08:44:20,thank help realli appreci,AA,"""Travel Experience Insights""_4",0.6369
jo3n2yh,2023-06-14 21:29:15,assum statu still trump baggag fee,AA,"""Travel Experience Insights""",0.0
jo3ptly,2023-06-14 21:29:15,wonder mani peopl statu fli transocean id bet mani mayb hand day,AA,"""Travel Experience""_2",0.4939
k51exi5,2023-10-16 06:30:37,fine first flight isnt delay even youll automat given option get destin dfw big skylink take termin even gate side airport complet doabl come platinum pro member aa ive connect lot time,AA,"""Travel Experience""",0.4141
k53oixp,2023-10-16 06:30:37,minut layov last week fine,AA,"""Travel Experience""_2",0.2023
k55nqzr,2023-10-17 03:27:07,fine major case low stake flight problem essenti make flight eg departur destin day your tri board cruis ship would tri get get longer connect funni stress littl delay your tri make minut connect last time push back departur gate pilot said uhhhhhh look like there pretti full queue runway theyv ask hold minut arriv uhhhhhh weve assign gate c there anoth plane spot shouldnt take longer minut get figur well way,AA,"""Travel Experience""_2",-0.5829
k5en524,2023-10-18 22:28:30,fli small airport second bag requir check gate small aircraft board group first leg flight termin land dalla depart edit last doesnt matter much skylift airport train take one end minut calcul along minut walk minut disembark still minut,AA,"""Travel Experience""_2",-0.0191
k5f7pbb,2023-10-19 00:33:43,mention said havent flown much favor download aa app havent alreadi push notif phone give map airport offer reaccommod option need think youll fine min connect app give peac mind noth els,AA,"""Travel Experience Insights""_3",-0.1174
jofedkp,2023-06-17 10:38:12,someon els bought,AA,"""Travel Experience Insights""",0.0
jofffji,2023-06-17 10:38:12,there first class still avail pull flight,AA,"""Travel Experience""",0.0
lghghw4,2024-08-05 01:58:33,lucki miss work get pay deduct possibl termin unless find coverag shift wait day start punta cana,AA,"""Travel Experience""",-0.25
lghs9vq,2024-08-05 03:04:41,suck httpswwwtransportationgovairconsumerfileconsumercomplaint,AA,"""Travel Experience Insights""",-0.4404
lgibijh,2024-08-05 04:54:25,hold hour option leav call back number guess hope quit ask hotel food said weather didnt know american good weather hour flight depart howev hour west de moin fli dfw minut east molin go dfw think would chang one flight nope charg look like say weather good hour apolog hold everi minut god bless told ask addit servic improv experi want one servic fli damn plane stop lie strongli word email mayor pete guess servic crap go back,AA,"""Travel Experience""",0.0731
kd10uig,2023-12-12 20:11:37,dont paid upgrad strong feel other chime say crazi take part rule thumb lot peopl seem less per hour travel worth,AA,"""Travel Experience Insights""_3",-0.2028
kd155xy,2023-12-12 20:11:37,case flight hour long math work pretti well surpris see offer common aa flight glitch,AA,"""Travel Experience""",0.2732
kd178b7,2023-12-12 21:12:22,dont know financi situat shoe id jump wouldnt anticip go lower low limit seem tatl tpac,AA,"""Travel Experience Insights""_3",-0.0547
kd61dai,2023-12-13 19:33:56,flight frequent offer steal would take right posit,AA,"""Travel Experience""",-0.4939
kdl4vst,2023-12-16 16:18:20,ye problem fli busi itll hard go back economi,AA,"""Travel Experience Insights""_4",-0.4767
jmauie3,2023-05-31 13:02:28,person id get layov dfw that hour long instead minut believ youd abl make long say everyon around tight connect need get plane first sky train take concours c minut depend dfw land termin b,AA,"""Travel Experience""_2",0.0
jm75fql,2023-05-30 21:16:53,recent experi ask volunt rare actual need volunt put name bump compens commit anyth theyll call desk turn offer dont like option give,AA,"""Travel Experience Insights""_4",0.0232
jm7682b,2023-05-30 21:16:53,much appreci thank,AA,"""Travel Experience Insights""_4",0.3612
jmcl86x,2023-05-31 23:26:48,best thing show gate earli ask need volunt oversold gate agent know sure courteou possibl polit usual goe long way usual share theyr oversold take name call first need deal oversold flight look compens someon theyll go flight option gate make sure work travel need etc book get new board pass make sure get altern flight option set work actual give seat,AA,"""Travel Experience""_2",0.9062
jmdqzr7,2023-05-31 23:26:48,thank info,AA,"""Travel Experience Insights""_4",0.3612
lhqm0ux,2024-08-12 21:01:11,jetblu codeshar rout flew sever time never brought flight split,AA,"""Travel Experience""",0.0
lhscb8n,2024-08-12 21:01:11,idk dont may show realli let go jfk hub dont seem big use delta seem priorit although transpacif flight american somehow abl,AA,"""Travel Experience""",-0.1027
ji91nwp,2023-04-30 08:57:15,congrat enjoy,AA,"""Travel Experience Insights""",0.4939
jiabam2,2023-04-30 17:17:39,well done enjoy,AA,"""Travel Experience Insights""",0.6486
jo86w3j,2023-06-15 22:01:30,nice interest mani lp friend ck,AA,"""Travel Experience Insights""",0.8402
jf4ebv9,2023-04-06 07:57:42,search flyertalkcom probabl better result,AA,"""Travel Experience Insights""",0.4404
jf4iuxa,2023-04-06 07:57:42,thank,AA,"""Travel Experience Insights""_4",0.3612
lh6a3ar,2024-08-09 05:13:49,sound like issu level american unless issu ticket left standbi,AA,"""Travel Experience""_2",0.3612
lh6x479,2024-08-09 05:13:49,that case feel like never book american cant happi take cash wash hand respons,AA,"""Travel Experience""",0.6908
kix3wux,2024-01-22 02:15:02,anyon look answer httpslpcalculatorcomland,AA,"""Travel Experience Insights""",0.0
l64dfms,2024-05-29 10:50:16,weather across countri aw cascad delay throughout aa get travel insur next time,AA,"""Travel Experience""",-0.3182
l64a9cr,2024-05-29 10:28:15,welcom travel expect delay cancellationsand your group god speed bag,AA,"""Travel Experience Insights""_3",-0.0516
l64di71,2024-05-29 10:50:45,call mother natur keep weather sever thunderstorm dalla plu mph wind think wise fli like everyth system delay,AA,"""Travel Experience""",0.5106
l63vfq2,2024-05-29 08:49:08,lol,AA,"""Travel Experience Insights""",0.4215
l64ftmi,2024-05-29 11:06:53,ill trade weve stuck curacao three day flight us diplomat gotten involv aa could give fuck cheer ruin honeymoon three day stand airport food water place sit absolut nightmar,AA,"""Travel Experience""_2",-0.8316
j1t66fw,2022-12-27 12:54:56,your go say airport,AA,"""Travel Experience Insights""_3",0.0
kcmzpim,2023-12-09 23:00:38,like airplan part ship somewher instal,AA,"""Travel Experience Insights""_4",0.3612
joc2oa1,2023-06-16 18:41:23,like equip chang number mce avail seat reduc scenario option either reselect mce request refund fee,AA,"""Travel Experience Insights""_4",0.4215
kzgfn7x,2024-04-14 07:12:12,far know companion pass non transfer person issu reserv probabl sol,AA,"""Travel Experience Insights""_3",0.0
jod0jk0,2023-06-16 23:30:52,end im leav phoenix tonight flight say may delay due bad weather philli need know case im delay lol,AA,"""Travel Experience""",-0.6486
kk9ss26,2024-01-30 23:53:32,track bag featur websit app say polici httpswwwaacomintravelinfobaggagedelayedordamagedbaggagejsp credit card offer insur bag,AA,"""Travel Experience Insights""_3",0.3818
jor03x2,2023-06-20 04:41:26,utc coordin univers time utc mean central time zone interview central time good luck interview,AA,"""Travel Experience""",0.7096
jor0b7j,2023-06-20 04:41:26,thank good day,AA,"""Travel Experience""_2",0.6597
jyeo2jp,2023-08-31 02:06:45,free trip,AA,"""Travel Experience Insights""_3",0.5106
jyep0fx,2023-08-31 02:06:45,didnt know get second bag way back,AA,"""Travel Experience Insights""_3",0.0
lf0twq3,2024-07-26 20:19:32,mobil appar need appropri plan well,AA,"""Travel Experience""_2",0.2732
lghhj51,2024-08-05 02:04:18,bought shorti realiz plan scam lol,AA,"""Travel Experience Insights""",-0.2263
jwxzfht,2023-08-20 09:55:43,would abl get system automat cancel whole trip start first leg,AA,"""Travel Experience Insights""_3",-0.25
jx0z1i8,2023-08-20 09:55:43,thank,AA,"""Travel Experience Insights""_4",0.3612
ldp76pz,2024-07-18 08:39:19,whole system fubar clt phlord recov still yesterday storm inbound honestli glad your middl trip alreadi cant get know,AA,"""Travel Experience Insights""_3",-0.25
ldpllo8,2024-07-18 10:14:05,weather forecast,AA,"""Travel Experience Insights""",0.0
ldpzwb0,2024-07-18 10:14:05,forecast wrong,AA,"""Travel Experience Insights""",-0.4767
kceu6gp,2023-12-08 04:57:55,ye entitl much compens like unicorn among unicorn congratul,AA,"""Travel Experience Insights""_4",0.3612
kqmgsg5,2024-02-16 09:33:42,paid upgrad mileag ticket,AA,"""Travel Experience Insights""_3",0.0
jnazd2c,2023-06-08 04:36:51,depend minor name chang purchas ticket less hour fee also depend what miss ticket passport,AA,"""Travel Experience""",-0.1531
jw7kryq,2023-08-15 07:13:29,littl late parti there fee chang name book,AA,"""Travel Experience Insights""",0.0
kw4bc9t,2024-03-23 06:57:17,ta own credit also sound like employ problem,AA,"""Travel Experience""",0.34
kw573e9,2024-03-23 06:57:17,paid ticket card im go get reimburs problem tri figur use lose,AA,"""Travel Experience""",-0.6597
jnyu426,2023-06-13 13:37:09,nah let know wast phl go admir club day pass uncomfort seat worker extrem rude one point front desk person kick girlfriend said near capac long enough need make room peopl member end sink anoth get hour minut suit worth tv day bed nice quiet took great nap flight,AA,"""Travel Experience""_2",0.6597
jo1hu5f,2023-06-14 06:37:53,go ask much daysfrom post pp id might also worth check prioriti pass loung like belong dfw done admir sorryto origin point dont freebi gl,AA,"""Travel Experience Insights""",0.3481
jo1iaww,2023-06-14 06:37:53,realiz mile someth like unfortun loung dfw would accept day pass reason buy one,AA,"""Travel Experience""_2",0.6249
kgfsfo7,2024-01-05 22:51:15,pure,AA,"""Travel Experience Insights""",0.0
jo3cpnz,2023-06-14 19:51:47,that common practic upgrad valid origin flight segment switch earlier flight forfeit upgrad revert back origin class servic read fine print pay upgrad,AA,"""Travel Experience Insights""_3",0.1027
jo43m4g,2023-06-14 19:51:47,lesson learn,AA,"""Travel Experience Insights""",0.0
joananu,2023-06-16 08:59:23,fair get upgrad despit unavail notat need recal annoy,AA,"""Travel Experience Insights""_3",-0.1531
jo3qb0g,2023-06-14 21:55:45,switch flight flight full f expect bump someon f who alreadi confirm get refund entitl,AA,"""Travel Experience""",0.0
jo43j37,2023-06-14 21:55:45,refund said,AA,"""Travel Experience Insights""",0.0
kxvt85o,2024-04-04 01:31:30,wish success,AA,"""Travel Experience Insights""",0.7506
kxvwm73,2024-04-04 01:31:30,thank actual got invit vgi th happi hope everyth goe good get invit ff afterward,AA,"""Travel Experience Insights""_4",0.8779
kz6dels,2024-04-12 10:29:40,updat vgi show pend hire manag review assum that good sign,AA,"""Travel Experience Insights""",0.4404
jsnsnot,2023-07-20 07:43:25,ok never fli aa one care think delta unit soooo much better delta flight got held tarmac vega today shi hour point passeng liter pass due high heat temp person id rather delay air condit termin pass heat stroke,AA,"""Travel Experience""",0.7184
jt37dzs,2023-07-20 07:43:25,liter dont care,AA,"""Travel Experience Insights""_3",-0.3875
jt37ci8,2023-07-23 13:40:06,insan legal,AA,"""Travel Experience Insights""",0.128
juzhwt7,2023-08-06 11:23:18,happen us one time told make polic report airlin bring us airport would call themth airlin explain situat ask recommend luck found licens later day,AA,"""Travel Experience""",0.6705
juzlt9c,2023-08-06 11:23:18,thank say thought go polic station bring report us,AA,"""Travel Experience Insights""_4",0.3612
juzjp2s,2023-08-06 11:23:18,also show earli tsa go make go addit screen ask anyth name help identifi polic report credit card costco membership etc,AA,"""Travel Experience""",0.6486
jv1x8k4,2023-08-07 01:27:02,lost licens vega still credit card health car insur card etc ok ask question,AA,"""Travel Experience""",0.3612
jv33yxv,2023-08-07 06:20:29,hell spend extra minut tsa happen fli dc fill form tsa call homeland secur run name ssn make sure im ok thoroughli search carryon bag huge deal make sure get airport one extra hour earli youll good,AA,"""Travel Experience""_2",0.6597
iktm6n7,2022-08-19 01:41:02,dealt yesterday im fli st lucia wed reschedul flight miami land make connect flight take day call given option take flight day hour layov b fli charlott instead day hour layov ask option didnt involv sit around night basic offer free flight told could go phoenix like mile wrong direct go miami essenti said youd rather fli night sleep hotel let take third flight wouldnt offer compens toward hotel im forc buy,AA,"""Travel Experience""",0.4019
j1j7zcq,2022-12-25 04:14:55,go overhead bin cannot hold onto,AA,"""Travel Experience Insights""_4",0.0
kcmzh0h,2023-12-09 22:58:56,ye businessfirst class avail either sold flight aircraft doesnt cabin worst expect case scenario fli economi one leg purchas firstbusi class,AA,"""Travel Experience""_2",0.5096
ku9ns3j,2024-03-11 04:21:25,medic card would one brag get ebay,AA,"""Travel Experience""_2",0.0
ku9prxo,2024-03-11 04:21:25,clue someth lamin plastic,AA,"""Travel Experience Insights""",0.0
kub54so,2024-03-11 09:52:33,one need card show theyr disabl need assist pre board reserv question ask airlin organ board group weird mayb think need actual card notion use cancer card doesnt exist fb scam like way game system feel like put random emot support anim label get dog board somebodi creat post went viral sell card alway profit first time life need wheelchair assist cant walk distanc cancer treatment could reason disabl invis,AA,"""Travel Experience""_2",0.8754
kucuz38,2024-03-11 09:52:33,thank ye someon disabl famili member fulli support make everi effort accommod peopl mobil impair guy met sure could gotten valid medic card instead buy one ebay,AA,"""Travel Experience""_2",0.7579
kzk5q13,2024-04-15 01:30:29,disabl fli american fli disabl passeng either board wheelchair call name preboard medic card meaningless scam,AA,"""Travel Experience""",-0.765
ku8yqut,2024-03-11 01:53:55,hub airport get lazi actual monitor board group categori late feel like board either preboard group dont even hear call individu group anymor time hear ck group go group welcom board time board posit joke anymor honestli yet coo vasu raja want focu premium make american airlin premium feel premium hard board like board allegi flight,AA,"""Travel Experience""_2",0.7269
kuc2v0d,2024-03-11 01:53:55,agre statu one perk everyon board group regardless realli hard softwar instal would beep say sorri call group number told well could militari great ask dont assum us militari dont want ask uniform abus bad american doesnt listen seem care,AA,"""Travel Experience""",-0.0644
ku8zj0j,2024-03-11 01:58:20,get frustrat board group enforc upgrad rare day group board one perk valu im tempt statu match unit delta give tri,AA,"""Travel Experience""_2",0.0
jvtibwl,2023-08-12 10:15:08,vs william richard vs dick scenario,AA,"""Travel Experience Insights""",-0.5106
jw89z89,2023-08-12 10:15:08,first,AA,"""Travel Experience Insights""",0.0
lb39c3u,2024-07-01 14:10:12,confirm charlott airport shit show right minut flight turn hour debacl,AA,"""Travel Experience""_2",-0.5574
lb51ge7,2024-07-01 23:31:34,hope flight issu resolv princesscindella chanc could give quick review new tulum airport,AA,"""Travel Experience""_2",0.4404
lbabccv,2024-07-02 22:09:38,airport small pack well organ secur easi navig baggag claim one note expect cell servic land wifi servic block set plan meet peopl ahead time,AA,"""Travel Experience""_2",-0.2023
ls5jqhc,2024-10-16 12:26:41,well tell us happen,AA,"""Travel Experience Insights""",0.2732
lt1ev69,2024-10-22 01:42:30,execut cell phone number need talk,AA,"""Travel Experience""_2",0.0772
kq8m2k5,2024-02-13 22:52:39,use ye pointless,AA,"""Travel Experience Insights""_4",0.0
kq8vb2t,2024-02-13 22:52:39,wow annoy wast thank,AA,"""Travel Experience Insights""_4",0.5267
kq8tk7p,2024-02-13 23:38:37,dont think work,AA,"""Travel Experience Insights""_3",0.0
la0ne6k,2024-06-24 15:16:28,didnt even realiz post covid sherpa even thing alway use destin countri site travelvisa info thought may gone way verifli,AA,"""Travel Experience Insights""",0.0
jpd20fq,2023-06-25 00:11:15,dont walk plane look space announc base load factor typic number carri bag algorithm easili estim also gate agent press get plane time give littl slack would rather error side peopl gate check bag instead delay peopl look space bring bag front check right departur time,AA,"""Travel Experience Insights""",-0.5719
jpdp8du,2023-06-25 00:11:15,nope ive mani flight check agent form commun flight crew accommod common sens kindda way,AA,"""Travel Experience Insights""",0.0
jpiqdjo,2023-06-26 06:31:46,get credit card youll board zone never gate check algorithm follow person certainli unfortun case dont think fair call lazi selfish,AA,"""Travel Experience""",-0.3532
kv8nbwq,2024-03-17 12:36:32,put laptop larg cloth shop bag,AA,"""Travel Experience Insights""_3",0.0
kv8o5kw,2024-03-17 12:36:32,know didnt realli think ill tri tomorrow see fit im hope realli,AA,"""Travel Experience Insights""_3",0.7738
kva8xk4,2024-03-17 22:32:15,think facial express need seat,AA,"""Travel Experience Insights""_3",0.0
ksg2gu2,2024-02-28 06:28:35,ye,AA,"""Travel Experience Insights""_4",0.0
l5md4kh,2024-05-25 23:11:55,absolut unconscion,AA,"""Travel Experience Insights""",0.0
l5n0ua9,2024-05-26 01:46:57,thank post hope mod dont pull need aa subreddit well front center fanboy,AA,"""Travel Experience Insights""_3",0.7579
l5ptbrx,2024-05-26 15:28:20,shame shame know name,AA,"""Travel Experience Insights""_3",-0.7351
jxeb2v2,2023-08-23 19:12:52,get permiss congress ye get permiss congress absolut,AA,"""Travel Experience Insights""_3",0.0
jo49nqe,2023-06-15 00:17:42,ye,AA,"""Travel Experience Insights""_4",0.0
jo3pz61,2023-06-14 21:53:07,hour isnt bad great probabl wouldnt unless bigger person,AA,"""Travel Experience""",-0.1139
jo4m66a,2023-06-15 01:44:32,cours baggag fee save factor,AA,"""Travel Experience Insights""",0.4939
hyzr6wc,2022-03-02 09:50:54,travel work use avi marriott exclus get aa mile take long way im hourli get paid butt seat anyway also use aadvantagediningcom get meal way,AA,"""Travel Experience""",0.0
hz04yf9,2022-03-02 09:50:54,anyon govern,AA,"""Travel Experience Insights""",0.0
hyzwbyk,2022-03-02 09:50:54,use avi hilton wont hesit switch unfortun carhotelflight book central get avi loyalti point book american avismarriott link avismarriot account,AA,"""Travel Experience Insights""",0.0
hz1mkl8,2022-03-02 21:11:18,im k loyalti point ill probabl keep travel work reach ep well end year,AA,"""Travel Experience""",-0.1531
hz1u6oh,2022-03-02 21:11:18,nice let know goe,AA,"""Travel Experience Insights""_3",0.4215
jg71mmk,2023-04-14 13:50:09,gold like wont get upgrad hub hub rout,AA,"""Travel Experience Insights""_3",0.3612
jg7yiw2,2023-04-14 13:50:09,,AA,"""Travel Experience Insights""",0.0
jh2ihd6,2023-04-21 05:57:45,id say flexibl chang seat littl sooner board sooner may worth mention elsewher probabl wont help get upgrad first class though,AA,"""Travel Experience Insights""_3",-0.092
jp74hdk,2023-06-23 15:54:18,anual fee charg automat mileag get credit insid aa account pay credit card bill,AA,"""Travel Experience""",0.5859
kc3dpa9,2023-12-05 21:54:19,forgot,AA,"""Travel Experience Insights""",0.0
jv8u42c,2023-08-08 09:59:16,lost one airpod june never got back knew liter hour later detail aa luck,AA,"""Travel Experience""",0.1779
jw97yin,2023-08-15 15:34:25,left empti glass case never return plane cleaner take bring home lost item,AA,"""Travel Experience""",-0.4249
kdot21o,2023-12-17 08:12:52,use flighti app import appl calendar tripit,AA,"""Travel Experience""",0.0
kdv0o9h,2023-12-17 08:12:52,flighti great use love yearli recap,AA,"""Travel Experience""",0.8519
kdotngy,2023-12-17 08:16:53,im awar log flight manual extern,AA,"""Travel Experience""",0.0
ke6beaz,2023-12-20 21:12:19,flighti win,AA,"""Travel Experience Insights""",0.5859
ke6dwml,2023-12-20 21:12:19,download,AA,"""Travel Experience Insights""",0.0
ke7hzhc,2023-12-21 01:52:58,would put anim cargo go cabin,AA,"""Travel Experience""_2",0.0
ke7n44a,2023-12-21 01:52:58,uk allow travel countri livestock cabin basic anyth nonhuman goe cargo idk servic anim person reason that option neither owner,AA,"""Travel Experience Insights""_3",0.128
keo25pf,2023-12-24 06:35:58,bring cat cabin fli pari travel uk without cargo pet,AA,"""Travel Experience Insights""_3",0.0
keo8yod,2023-12-24 06:35:58,miss point two branch american airlin conflict argument travel countri pet embark said paperwork complet state everyth need fli tell cargo leav countri say show cargo everi say matter deni offici document want unoff piec paper held legal weight unlik usda uk govern offici paperwork state cat breed want printout sign vet state inform state multipl document cat breed vet signatur paperwork flawless base inform given appar one know process work neither part part travel,AA,"""Travel Experience Insights""_3",0.0258
io1bsvm,2022-09-12 04:34:59,amount paid trip credit goe back tcand keep origin expirationanyth would refund credit card long ok credit book non refund book basic economi tic youhttpsticy flight credit one year use,AA,"""Travel Experience""",0.891
k8og21u,2023-11-11 02:27:27,tell your without tell your,AA,"""Travel Experience Insights""_3",0.0
k8wzdaf,2023-11-12 19:24:39,tell life bore karen without tell life bore karenken thank play buhby old snl skit,AA,"""Travel Experience Insights""_4",0.5632
kdgdr3i,2023-11-12 19:24:39,realli mean lot come brainwash victim,AA,"""Travel Experience Insights""",-0.2732
lk0y45o,2024-08-26 23:28:00,take back airport one go see reddit,AA,"""Travel Experience""_2",0.0
lk0z480,2024-08-26 23:33:22,take airport,AA,"""Travel Experience""_2",0.0
lk2f9vo,2024-08-27 04:11:19,take back airport baggag claim counter aa open ticket lost luggag happen use compani call boomerang special get lost thing back owner may abl help first step definit airlin,AA,"""Travel Experience""",0.2023
jj92356,2023-05-08 04:17:45,entri point allow interview,AA,"""Travel Experience Insights""",0.2263
jjbr56r,2023-05-08 04:17:45,thank end make appoint ton appoint san juan,AA,"""Travel Experience""_2",0.3612
k1599kj,2023-09-19 00:31:38,abl manag ur seat regardless im ba metal go ba site click manag reserv enter correct info want manag aa app aa flight,AA,"""Travel Experience""",0.0772
k1nqalh,2023-09-22 10:31:46,dont exact experi your would say need stick american airlin oper xxxx popul aa app allow manag seat,AA,"""Travel Experience Insights""_3",0.2263
k9o1hyp,2023-11-18 02:34:07,person wouldnt pay premium rout,AA,"""Travel Experience Insights""",0.0762
k9oba9d,2023-11-18 03:38:57,,AA,"""Travel Experience Insights""",0.0
k9rhly6,2023-11-18 21:38:58,roundtrip id purchas one way worth,AA,"""Travel Experience Insights""",0.2263
k9uh211,2023-11-19 11:20:56,nope statu probabl jump prefer seat close actual flight,AA,"""Travel Experience Insights""",0.0
kt0uae6,2024-03-03 01:00:46,dont cri kid airlin,AA,"""Travel Experience Insights""_3",0.0
kt0ujob,2024-03-03 01:00:46,dont care cri hard kick lumbar that go,AA,"""Travel Experience Insights""_3",-0.3252
kt1ttem,2024-03-03 04:33:09,sens entitl world revolv around comfort,AA,"""Travel Experience Insights""",0.3612
kt1xnr3,2024-03-03 04:33:09,lol liter paid comfort liter ticket everyon choos take time day write matter opinion thank weigh,AA,"""Travel Experience""_2",0.7845
kt0o60j,2024-03-03 00:26:03,faiciwear,AA,"""Travel Experience Insights""",0.0
kt0uxq0,2024-03-03 00:26:03,seat caus injuri harm definit refund addit cost paid upgrad,AA,"""Travel Experience Insights""_3",-0.5423
lf4qdo8,2024-07-27 10:12:23,abl ye advis switch termin jump tram itll right especi sinc close board door minut take,AA,"""Travel Experience""_2",0.0
lf6i841,2024-07-27 20:37:03,either thing run exactli time youll probabl bit youll delay miss lot delay late effect everyth though inbound min late probabl everyth adjust similarli that guarante,AA,"""Travel Experience""",-0.6369
lf4l398,2024-07-27 09:35:09,two year ago minut layov houston way baltimor american chang flight freak cours next flight leav anoth termin amazingli problem still like hour base experi minut doabl,AA,"""Travel Experience""",-0.4767
lf593vn,2024-07-27 12:41:27,wouldnt tri first flight delay min end miss connect dalla,AA,"""Travel Experience""",-0.4404
lf9flxx,2024-07-28 07:39:40,use american app there map amp get direct like googl map gate gate,AA,"""Travel Experience Insights""",0.3612
kgzd7nu,2024-01-09 08:56:58,write complaint compani wont chang unless passeng make heard,AA,"""Travel Experience""_2",-0.296
jwqmx0j,2023-08-19 00:23:00,need context normal offer bump come app give dollar option your will accept need seat etc seem say got email guarante bump sound,AA,"""Travel Experience Insights""_3",0.3818
jwqofvw,2023-08-19 00:23:00,receiv email ask plan flexibl click display altern option follow header flexibl travel offer dont worri your still origin flight jac dca look volunt move flight move less busi flight charg decid switch flight youll receiv travel credit toward next trip,AA,"""Travel Experience Insights""_3",0.3818
iq80grk,2022-09-28 19:24:01,usual notic back card almost right away need float loan,AA,"""Travel Experience""_2",0.0
la01b1h,2024-06-24 11:35:22,depend gate agent ive seen one let huge strollerswagon get gate check other dont shouldnt pay ticket counter wont layov small umbrella stroller gate checkcompact stroller fit head go to good luck,AA,"""Travel Experience""_2",0.8584
la01sa8,2024-06-24 11:35:22,thank,AA,"""Travel Experience Insights""_4",0.3612
lacwc3v,2024-06-26 21:07:44,polici state wagon count check item incur fee,AA,"""Travel Experience""_2",0.0
ixdjnh7,2022-11-23 01:11:11,use aviat mc get reimburs earn lp,AA,"""Travel Experience""",0.0
ixefs2c,2022-11-23 01:11:11,thank,AA,"""Travel Experience Insights""_4",0.3612
lbjaj68,2024-07-04 09:44:37,ye termin g side f gate f,AA,"""Travel Experience Insights""_4",0.0
lbxeis3,2024-07-04 09:44:37,awesom thank,AA,"""Travel Experience Insights""_4",0.3612
laabhqb,2024-06-26 07:43:04,one get kick anoth airlin randomli though aer lingu full oneworld partner fli connect aa ba yesterday aabaaer lingu rout return glasgow book aa couldnt check onlin often case intern issu check counter glasgow would receiv easili abl find record locat flight purchas reach airlin troubl call even xtwitter work,AA,"""Travel Experience""",0.0258
le1riy0,2024-07-20 14:43:10,aa flight cancel book standbi partner,AA,"""Travel Experience Insights""",-0.25
le3a179,2024-07-20 14:43:10,nope cancel read full post need detail go spell,AA,"""Travel Experience""_2",0.1877
laacoc9,2024-06-26 07:50:32,cours partner airlin although didnt get reveal month book flight januari american web site fulli paid like cannot check onlin get counter chicago tell she standbi far advanc overbook american wouldnt help told talk aer lingu aer lingu said cant anyth get airport come earlier shed delta unit flight issu reason aa bottom custom satisfact even frontier spirit shock,AA,"""Travel Experience""",-0.1675
lacmkw8,2024-06-26 07:50:32,sorri frustrat aer lingu didnt pop one world equat recent that place quit purchas ticket book via aa aa metal seem like yoush didnt catch somehow cant answer question standbi confirm ticket reserv anyhow trust turn well,AA,"""Travel Experience""_2",0.7845
jny22ey,2023-06-13 08:34:55,find altern rout call request one,AA,"""Travel Experience""",0.0
jny26dg,2023-06-13 08:34:55,found one newark fare doubl paid februari agent said cant chang flight,AA,"""Travel Experience""_2",0.0
lszqsmx,2024-10-21 19:59:31,file chargeback cc compani,AA,"""Travel Experience Insights""",0.0
lb1k670,2024-07-01 06:23:09,baggag trasher world dont care luggag sit window watch sometim youll see attempt gentl get chanc see goe public view ie transfer cart deliveri carousel youll see real action toss kich jam otherwis whatev tri break bag heavi tag pretti much guarante abus bigger issu statesid airport dont work airlin work airport author airlin blame baggag trasher baggag trasher blame trasher last airport airlin get refus compens dont process,AA,"""Travel Experience Insights""_3",-0.7527
le1r09c,2024-07-20 14:37:32,bye,AA,"""Travel Experience Insights""",0.0
jo0p06s,2023-06-14 02:33:27,bulkhead though may technic list way congrat,AA,"""Travel Experience Insights""",0.0
jo6c3f4,2023-06-14 02:33:27,everyth got delay dalla weather grab unit flight pm dfw rather pm aa flight adventur,AA,"""Travel Experience""",-0.3182
jo5yg4u,2023-06-15 07:36:25,major thing consid way connect two reserv purchas separ hope help your check bag check way amp nightmar get secur claim amp recheck next flight hour may enough flight connect delay first flight provid accommod delay automat rebook next leg also nightmar jfkdoh flight aa often delay know person experi delay hour last two day schedul chang like decemb may shorten connect time may caus enough time connect worri rebook connect probabl cost separ reserv reserv accommod free charg,AA,"""Travel Experience""",0.4939
jo61ri3,2023-06-15 07:36:25,ye point someth weve consid great insight thank major concern think connect doh goi follow day,AA,"""Travel Experience Insights""",0.765
kepdlqm,2023-12-24 12:47:00,math cost trip want book fulli mile ye otherwis buy dont see need ask reddit,AA,"""Travel Experience Insights""_3",0.0772
i2gq8di,2022-03-29 01:53:16,im sure tsa go push cant wait fli without mask,AA,"""Travel Experience""",0.3182
i2gqtwi,2022-03-29 01:53:16,sure hope continu trend lift mandat realli lose weight import mean peopl go even less like compli fa credit least fligth calgari thursday guy sit besid left mask pretti much whole flight didnt scold shock cours could everi one us flight test neg order abl board,AA,"""Travel Experience""",0.8673
i2hnrqt,2022-03-29 05:46:29,flew sydney american last week flight busi cabin didnt mask light went return fa strict even meal needless say im look forward end stupid mask polici plane hope also drop test requir,AA,"""Travel Experience""",-0.3818
i2hobl7,2022-03-29 05:46:29,sure join realli glad continu move toward elimin mandat among thing make absolut sens everyon requir present neg test fli us liter plane full peopl need mask there uneven enforc assum perhap knew suspect someon plane could give sort problem didnt enforc mask mandat hard that explan continu ridicul,AA,"""Travel Experience""_2",0.296
lrfioeg,2024-10-12 00:07:52,theoret possibl ye qualiti life wont great,AA,"""Travel Experience Insights""_4",-0.5096
jd9h4bi,2023-03-23 04:03:19,updat ktn profil manual add exist reserv,AA,"""Travel Experience Insights""",0.0
jdticaa,2023-03-27 09:48:03,rtsaprecheck,AA,"""Travel Experience Insights""",0.0
jo5u1an,2023-06-15 07:00:27,your go specif look seatguru,AA,"""Travel Experience Insights""_3",0.0
krefjow,2024-02-21 11:49:44,typic dont travel insur kick best case mechan aa issu your given airport food voucher possibl hotel voucher flight number date help potenti show weather atc aa relat,AA,"""Travel Experience Insights""_3",0.802
kreszw9,2024-02-21 11:49:44,use credit card travel insur buy insur compani im consid get annual travel polici avoid situat like op price vari much im sure best plan,AA,"""Travel Experience""",0.8555
krhdl14,2024-02-21 11:49:44,flight stt mia januari stt airport small understaf seem idea handl situat,AA,"""Travel Experience""_2",-0.296
le5f2ox,2024-07-21 07:12:52,rule unfortun allow everyon would sick chang flight cheaper day base avail thank right thing infect other,AA,"""Travel Experience""_2",0.0258
le5j8ey,2024-07-21 07:12:52,thank sometim hard pay respons,AA,"""Travel Experience Insights""_4",0.1779
jytujb9,2023-09-03 00:47:08,submit compliment get trickl employe httpswwwaacomcontactformstop,AA,"""Travel Experience Insights""_3",0.4767
jz9smuk,2023-09-03 00:47:08,awesom thank let know,AA,"""Travel Experience Insights""_3",0.3612
jm4atrq,2023-05-30 05:10:06,nope children age dont need id domest travel,AA,"""Travel Experience Insights""_3",0.0
jm4d8h4,2023-05-30 05:10:06,websit said may need birth certif verifi age someth also thank answer,AA,"""Travel Experience Insights""",0.3612
kjhyf05,2024-01-25 21:16:05,ridicul wouldnt think that issu fit bin andor seat empti make check sometim get stuck someon power trip gate agent didnt want let board group small suitcas caus zipper make wider open suitcas isnt even largest carri like cant make zip check plane issu bin space fit fine would fit fine unzip like tri feel power today,AA,"""Travel Experience""_2",0.8974
lpq2xcd,2024-10-01 06:40:20,reason delay matter consid within control airlin ye would due food voucher hotel extend overnight would typic includ schedul mainten deni perhap issu mainten end airlin tell doj way go think meant dot,AA,"""Travel Experience Insights""_3",-0.128
lpq3miq,2024-10-01 06:40:20,thank get two mix mechan issu,AA,"""Travel Experience""_2",0.3612
jt4a85k,2023-07-23 21:25:27,aa,AA,"""Travel Experience Insights""",0.0
jt4lmvk,2023-07-23 21:25:27,hm unit delta alaska air hawaiian air least last trip ive book,AA,"""Travel Experience Insights""",0.0
joejx4f,2023-06-17 06:14:29,ye,AA,"""Travel Experience Insights""_4",0.0
l6l00bi,2024-06-01 13:03:09,ye youll earn lp toward statu your challeng statu bonu also add total lp book,AA,"""Travel Experience Insights""",0.0
l6lb05b,2024-06-01 13:03:09,youv made morn scour variou site link sometim specif situat read bit vagu youv settl uncertainti deal connect via lhr rd trio year,AA,"""Travel Experience""",0.0
lcan01i,2024-06-01 13:03:09,follow took first half trip recal long roughli take point add account guidanc line sand contact airlin advic appreci,AA,"""Travel Experience Insights""_3",0.0
l0u6djz,2024-04-23 11:14:52,short connect roll dice particularli clt regularli land earli end wait inordin amount time gate sure request cart work contact aa find rule thumb arriv somewher absolut critic book extra day min connect last flight day around christma,AA,"""Travel Experience Insights""",0.0516
l0u85y8,2024-04-23 11:14:52,guess normal would im medic student mandatori exam day realli wasnt option though that thank advic though,AA,"""Travel Experience Insights""_4",0.3612
l0vvu3t,2024-04-23 21:18:56,far would drive clt your go say answer mayb desper conting,AA,"""Travel Experience Insights""_3",0.0
l0vytro,2024-04-23 21:18:56,unfortun that doabl second flight clt sfo would consid didnt take like hour,AA,"""Travel Experience""",-0.2755
l14gmw8,2024-04-25 07:39:32,ive flown clt mani time regularli book min layov time problem weve gotten minut earlybut alway one time make ask im fortun year busi travel one unexpect nightli lay clt due miss connect,AA,"""Travel Experience""",-0.5106
liet3z1,2024-08-16 22:28:07,afaik get id partner flight,AA,"""Travel Experience""",0.0
la5780k,2024-06-25 09:53:35,say year system issu cost annual reward point ive ep year give,AA,"""Travel Experience Insights""_3",0.5719
kuwije9,2024-03-15 06:05:13,buy bag want photoshop receipt date submit receipt keep new bag use aa money pay,AA,"""Travel Experience Insights""",-0.0258
kuzcnir,2024-03-15 20:29:45,alway abl submit receipt new purchas pay dont buy fanci bag tho theyv replac three bag,AA,"""Travel Experience Insights""_3",-0.1027
jo5uik5,2023-06-15 07:04:22,main cabin extra coupl extra inch leg room free drink earli board prefer closer front plane els realli person would spend leg room els spend noth take one freebi all worth realli,AA,"""Travel Experience""_2",0.6369
jo6e9xm,2023-06-15 07:04:22,thank info,AA,"""Travel Experience Insights""_4",0.3612
jo6rzcm,2023-06-15 11:59:06,,AA,"""Travel Experience Insights""",0.0
jqa4rtk,2023-07-02 01:18:27,bring carryon tri closest upfront aisl lol get immigr much quicker door,AA,"""Travel Experience Insights""_3",0.4215
lb5unza,2024-07-02 02:09:52,cancel arent limit aa theyr everywher day cancel theyr say due juli travel seem realli weird delay cancel time daughter strand fl right pm flight cancel pm last night flight avail ny tomorrow,AA,"""Travel Experience""",-0.8402
l4l7jct,2024-05-18 19:54:37,use iberia confirm number check directli iberia site thing happen book etihad via aa,AA,"""Travel Experience Insights""",0.0772
l4la3cq,2024-05-18 19:54:37,that see seat assign iberia say typic codeshar flight abl see seat assign checkin hour prior flight bit skeptic,AA,"""Travel Experience""",-0.2263
l4lcpom,2024-05-18 20:38:53,current iberia hell trip book reward via ba ba show seat iberia didnt show onlin app day contact iberia said confirm select seat iberia bad app websit,AA,"""Travel Experience Insights""",-0.6597
l4luf6f,2024-05-18 20:38:53,thank set mind peac stop wast time talk iberia day trip,AA,"""Travel Experience Insights""",0.0772
l4nelz7,2024-05-19 04:57:19,also happen alaska book codeshar american,AA,"""Travel Experience Insights""",0.0
l4nubcx,2024-05-19 04:57:19,see purchas seat either websit checkin point see aa,AA,"""Travel Experience Insights""",0.0
l7oopj1,2024-06-08 23:17:53,exact issu ever figur,AA,"""Travel Experience""_2",0.0
l87ba84,2024-06-08 23:17:53,trip week,AA,"""Travel Experience Insights""_3",0.0
laoo73z,2024-06-08 23:17:53,abl see seat purchas check onlin,AA,"""Travel Experience Insights""",0.0
kcosfps,2023-12-10 05:49:52,youll fine,AA,"""Travel Experience Insights""",0.2023
kcoshm6,2023-12-10 05:49:52,thank,AA,"""Travel Experience Insights""_4",0.3612
jwxxd7o,2023-08-20 09:40:31,im ep requalifi next year depend usual smaller hub get upgrad hour percent time major hub often especi,AA,"""Travel Experience""",0.0
jxcumob,2023-08-20 09:40:31,correct answer matter statu im lowli gold member fli frequent small region airport larger connector anoth small region airport im upgrad first class approxim time trip last week upgrad leg back,AA,"""Travel Experience Insights""_3",0.0258
jww2ers,2023-08-20 02:19:43,platinum everi flight platinum pro everi,AA,"""Travel Experience""",0.0
lgs7dh3,2024-08-06 23:14:16,wait debbi atlanta say thing delta,AA,"""Travel Experience Insights""_3",0.0
lgsciub,2024-08-06 23:14:16,flight delay till cst mechan problem truli rd trip ran dalla mechan weather hundr plane sit around youd think could scrap one,AA,"""Travel Experience Insights""_3",-0.6124
jupi9ho,2023-08-04 10:16:42,haha cmon flight cancel three year ago flight credit mo expir origin ticket date aa offer extens credit due covid restrict httpswwwaacomincustomerservicepaymentoptionstravelcreditjsp,AA,"""Travel Experience""",0.5574
jupizf8,2023-08-04 10:16:42,cancel note expir date doesnt anywher ps two year twelv month regardless known certainli wouldnt let expir,AA,"""Travel Experience Insights""",-0.25
jurd3ua,2023-08-04 21:41:51,cant indefinit hold flight credit didnt read expir date flight credit feel stupid want everyon angri american nah,AA,"""Travel Experience""",0.1779
jus6u1t,2023-08-04 21:41:51,dont feel stupid im actual success busi owner dont travel often ill plead ignor polici dont think transpar write blanket cancel notic explain caveat expir date someon doesnt fli much id way know polici,AA,"""Travel Experience Insights""_3",0.7788
jo0purj,2023-06-14 02:40:32,ye theyll happili sell upgrad either call jump chat app,AA,"""Travel Experience Insights""_4",0.0
jo0yikh,2023-06-14 03:52:37,upgrad avail usual show app price,AA,"""Travel Experience Insights""_3",0.0
jo0ykyj,2023-06-14 03:52:37,know app,AA,"""Travel Experience Insights""_3",0.0
jo53q36,2023-06-15 03:46:17,like ubarti_dog saiddont afraid call ive good luck w contact someon unless there major storm get someon quickli wo mess nowim old never mind pick phone lol,AA,"""Travel Experience""",0.8271
livd6ew,2024-08-19 21:29:18,philli huh rememb us airway bought aa park us unus gate expect one full one empti luggag one red cap said belt get block ran luggag path minut later came back said empti luggag us air offic peopl sit around shutt sh got go check minut later luggag hour stood around wait peopl use aa train present staff lot ambit provid custom servic paycheck,AA,"""Travel Experience""_2",-0.4404
livdngx,2024-08-19 21:29:18,two edit conveyor belt philli carousel separ build usual problem also shoot shi navi term,AA,"""Travel Experience Insights""",-0.6249
hyxmnnl,2022-03-02 01:18:17,app current show statu tracker loyalti point top,AA,"""Travel Experience Insights""",0.2023
hyxnclz,2022-03-02 01:18:17,ya mine updat though loyalti point show zero thought go count janfeb,AA,"""Travel Experience Insights""",0.0
hyy2f7s,2022-03-02 02:59:00,mine work,AA,"""Travel Experience""",0.0
l0zhc95,2024-04-24 10:06:27,fine,AA,"""Travel Experience Insights""",0.2023
l1bc47h,2024-04-26 14:12:42,flight come may im hope fine sinc first time travel aa long time im concern delay idk matter sinc new law take effect,AA,"""Travel Experience""",0.2732
le1r5zl,2024-07-20 14:39:15,cashapp aa sound like got scam somon,AA,"""Travel Experience Insights""_4",-0.296
le1r9wc,2024-07-20 14:39:15,nah took whole week get money back repurchas ticket good thank good,AA,"""Travel Experience""_2",0.7845
lfx3x9o,2024-08-01 10:58:32,put aa book finnair manag book websit,AA,"""Travel Experience Insights""",0.0
lg4gblu,2024-08-01 10:58:32,thank got done,AA,"""Travel Experience Insights""_4",0.3612
ldi8ez5,2024-07-17 04:32:05,year get credit issu wait doesnt matter whatev excus ticket expir inform purg system forev,AA,"""Travel Experience""_2",0.3666
ldi9xhz,2024-07-17 04:32:05,spent year help sister reason chose aa origin best option travel citi life flight plu absolut inform cancel regard time limit suppos know long recoveri take understand polici inform provid cancel someon suppos know expir littl understand would help,AA,"""Travel Experience Insights""_3",0.765
lkfzeaz,2024-08-29 10:54:22,two month old sleep car seat get seat,AA,"""Travel Experience Insights""",0.0
lkgzoow,2024-08-29 10:54:22,realli hate car seat,AA,"""Travel Experience Insights""",-0.5719
lkhfqkg,2024-08-29 19:10:40,didnt option pick seat optingpay bulkhead feel like that standard part everi ticket buy,AA,"""Travel Experience Insights""_4",0.3612
lkhgvmb,2024-08-29 19:10:40,book flight late,AA,"""Travel Experience Insights""",0.0
kwoh6jr,2024-03-27 02:30:20,okc tini tini airport aa mayb gate wouldnt surpris bathroom longer walk gate,AA,"""Travel Experience Insights""",0.0
kwohdgd,2024-03-27 02:30:20,thank hope hear,AA,"""Travel Experience Insights""_4",0.6597
kwpp8xz,2024-03-27 06:33:05,built pretti larg addit end ive seen aa flight main aa gate end new part small chanc minut walk go one end,AA,"""Travel Experience""_2",0.0
lnsr10w,2024-09-19 05:15:31,book flight aircraft offer wifi aa still ad wifi mani region jet mani dont wifi,AA,"""Travel Experience Insights""",0.0
lnsr8uz,2024-09-19 05:15:31,ye wifi access point show tri connect noth happen get initi splash screen never abl actual connect wifi,AA,"""Travel Experience Insights""",0.0
lnvwtio,2024-09-19 20:22:35,credit credit duemi flight morn atl dca work wifi intermitt slow molass function abl need,AA,"""Travel Experience""",0.6369
lok39wy,2024-09-24 01:40:28,good lord free alreadi,AA,"""Travel Experience Insights""",0.7351
loou616,2024-09-24 01:40:28,agre follow delta lead,AA,"""Travel Experience Insights""",0.0
lsp0bdu,2024-10-19 23:05:21,there lot info miss im go assum roller suitcas region flight plane configur old luggag bin probabl wouldnt fit gatecheck bag make upset good luck airlin,AA,"""Travel Experience""",0.1506
lswxksf,2024-10-21 06:16:12,parent travel connect id want bag check ye itll take extra min destin race thru airport kid make connect let airlin deal bag,AA,"""Travel Experience Insights""_3",0.0772
k1n85rc,2023-09-22 08:28:24,,AA,"""Travel Experience Insights""",0.0
k1q8iyv,2023-09-22 23:56:48,alway worth tri worst case take admir club,AA,"""Travel Experience""",-0.4939
iwlpdcw,2022-11-16 23:55:30,take short layov want dont dont want rush simpl person make decis that quicker flight worth airport bad experi make never run airport there alway anoth flight especi ohar cool view,AA,"""Travel Experience""_2",0.0424
jbbfhcl,2023-03-08 04:57:19,minut ohara sound like bad news id go one give less anxieti,AA,"""Travel Experience""_2",-0.25
khnm5ws,2024-01-13 19:34:57,like,AA,"""Travel Experience Insights""_4",0.3612
kho10bj,2024-01-13 21:57:13,unlik abl see plane land etc minut enough time make way aa gate usual happen lot clt arriv ontim even earli wait gate,AA,"""Travel Experience Insights""",0.0
kho18bd,2024-01-13 21:59:01,u make,AA,"""Travel Experience""_2",0.0
kho1bxw,2024-01-13 21:59:01,made spare,AA,"""Travel Experience Insights""",0.0
khp4duj,2024-01-14 02:10:50,ive sat tarmac charlott wait gate come watch next flight take without,AA,"""Travel Experience""",0.0
kwt9chl,2024-03-27 23:42:15,see price drop itinerari alway contact airlin ask repric ticket issu trip credit price differ edit main cabin main cabin cant request base basic economi fare,AA,"""Travel Experience""",0.128
kwuzcm9,2024-03-28 05:20:55,use googl flight set price alert simpl easi set track,AA,"""Travel Experience""",0.296
kx91b0u,2024-03-30 21:31:16,ticket price rare go time usual go alway rebook main cabin anoth main cabin fare even differ timesconnect receiv credit futur travel,AA,"""Travel Experience""",0.3818
l6dq99b,2024-05-31 05:09:41,go complain aa websit,AA,"""Travel Experience Insights""_4",-0.3612
l6gvkkp,2024-05-31 20:40:38,welcom miami,AA,"""Travel Experience Insights""",0.0
lbiwq4h,2024-07-04 08:07:58,well id kinda littl worri first flight even though check inde open guarante go long line check get particular flight peopl tri check bag line check flight close minut departur charlott youd minut stand line get bag check go secur make gate least minut departur person wouldnt risk advis get airport go secur gate check bag barbado,AA,"""Travel Experience""_2",0.443
lbqgf4f,2024-07-05 20:29:43,fine long dont roll airport,AA,"""Travel Experience Insights""_3",0.2023
kr1rv6h,2024-02-19 05:48:04,return flight connect chang miss outbound flight,AA,"""Travel Experience""",-0.1531
kr1vfxz,2024-02-19 05:48:04,first connect return flight,AA,"""Travel Experience""",0.0
kr2vgxy,2024-02-19 10:08:57,question pay flight paid credit card may trip interrupt trip cancel insur built card perk trip book paid award mileag shouldnt issu refund credit card trip insur file credit card compani airlin,AA,"""Travel Experience""",0.4051
kcn0948,2023-12-09 23:04:31,main cabin extra ye unless aa cobrand card statu bring bag secur gate check call guarante seemingli happen flight,AA,"""Travel Experience Insights""",0.0
kh7jfuw,2024-01-10 22:21:42,buy aa brand cc ye via brand cc spend otherwis,AA,"""Travel Experience Insights""_4",0.0
kh7sw17,2024-01-10 23:22:07,count loyalti point would get lp purchas price paid aa credit card mile mile loyalti point,AA,"""Travel Experience""",0.3818
ks4hi9y,2024-02-26 05:23:19,wouldnt worri like,AA,"""Travel Experience Insights""_4",-0.2755
ks4hy7q,2024-02-26 05:23:19,travel stroller like,AA,"""Travel Experience Insights""_3",0.3612
ks4u9qn,2024-02-26 06:38:48,multipl time ive problem dalla agent refus let gate check made check check state overweight put scale depend agenthop nice one good luck,AA,"""Travel Experience""_2",0.5423
jdkyh1v,2023-03-25 11:42:23,im never apolog also ask switch usual someon whose spousetravel companion access mce theyr hope youll take e would love sit togeth nois cancel headphon best sorri cant hear,AA,"""Travel Experience""",0.8834
jod0wvg,2023-06-16 23:33:28,omg hate pay window seat mom kid ask switch kid look window hell noooo lmfao,AA,"""Travel Experience Insights""",-0.7351
joalsa7,2023-06-16 08:46:43,nope split reserv longer get travel benefit statu still get upgrad even also add upgrad list airport well,AA,"""Travel Experience Insights""_3",0.6249
joh7kqg,2023-06-17 23:12:02,thank yall,AA,"""Travel Experience Insights""_4",0.3612
ka30uz8,2023-11-21 07:21:15,call cancel second leg like get flight credit,AA,"""Travel Experience""",0.4767
ka4vavf,2023-11-21 07:21:15,im concern might repric trip end miami close departur new price like buy last minut ticket could much higher fare op use chang flight option test cost decid whether cancel last leg end cost would leav alon long op doesnt make habit skiplag like consequ also probabl goe without say check bag flight also risk op earli board group full flight understand there risk requir gate check carryon,AA,"""Travel Experience""_2",-0.0516
ka30ziq,2023-11-21 07:22:05,month ago issu land mia know go use last leg let someon aa ac dfw abandon final leg way give seat away without much hassl,AA,"""Travel Experience Insights""",-0.6249
ka3gdyl,2023-11-21 09:09:16,thank everyon,AA,"""Travel Experience Insights""_4",0.3612
jxib3mz,2023-08-24 11:27:09,panason wifi stop k feet hope im correct want say entir flight dont quot,AA,"""Travel Experience Insights""_3",0.25
jxib8ht,2023-08-24 11:28:19,bit ago absolut terribl couldnt connect biz fa said mani peopl log time grind halt got money back good luck plan work avail,AA,"""Travel Experience""",0.7096
l0fzzkq,2024-04-20 21:01:48,reimburs hotel cost reason amount like wont reimburs uber wherev give voucher like shuttl doesnt hurt ask,AA,"""Travel Experience Insights""_4",0.7767
l2hi539,2024-05-04 10:04:28,fli regularli everi week alway pick highest ever offer twice year dont think get what offer app theyr also tri use avoid dont bank your definit lucki pick,AA,"""Travel Experience Insights""_3",-0.296
l2jjtad,2024-05-04 21:45:25,cant negoti get choos app,AA,"""Travel Experience Insights""_3",0.0
kk6cxvj,2024-01-30 06:56:46,per contenti recent convo subreddit anoth user tri grant get extens ive gotten extens im milli miler ymmv flight credit must travel expir date alon trip credit use trip anytim bookabl futur use book travel someon els your liter go travel forese futur may luck,AA,"""Travel Experience""",0.8658
kk7jxvl,2024-01-30 11:34:15,much ticket worth aa call flight credit here exampl extend least valu exampl flight credit worth find cheapest oneway flight two citi believ cant basic economi fair main cabin fine book aa issu trip credit differ price credit good one year date issu your go use oneway flight cancel oneway flight youll like get oneway flight price back flight credit origin expir date rest money new credit whole year use,AA,"""Travel Experience""",0.9654
litdnx7,2024-08-19 10:40:39,rout like high demand rout hundr peopl alert set rawardtravel promot k sub million peopl look rout,AA,"""Travel Experience Insights""_4",0.4939
liv9uls,2024-08-19 10:40:39,oddli enough bozeman small airport east flight half empti day vari k k point one way biz class stabil within rang minut ago last week bounc around place constantli dont get price algorithm look swear know check rout instantli jack rate seem highli unfair could see day day chang pure price goug howev bound determin beat game stick beat game take time effort,AA,"""Travel Experience""_2",-0.5106
j9076gf,2023-02-18 13:41:59,note non essenti,AA,"""Travel Experience Insights""",0.0
limp7c5,2024-08-18 06:18:54,understand basic find vacanc appli might mean later person posit world apart union system knowledg noth prohibit transfer lower role usual avoidedlook upon,AA,"""Travel Experience Insights""",-0.296
limpxxn,2024-08-18 06:18:54,thank much realli help,AA,"""Travel Experience Insights""_4",0.6369
hyuj2ws,2022-03-01 08:08:51,stress peopl obtain travel insur nonrefund fare hotel charg etc vacat plan cant afford loss insur,AA,"""Travel Experience Insights""_3",-0.2115
hyv2yo6,2022-03-01 08:08:51,thank address,AA,"""Travel Experience Insights""_4",0.3612
lkhhex7,2024-08-29 19:24:04,gate agent kind move someon like paid bulk passeng go full karen happen phone readi record salti encount board everyon reason bump,AA,"""Travel Experience""_2",0.7096
lrg8qz8,2024-10-12 02:28:59,well call super nice beg plead case alway polit nice go long way,AA,"""Travel Experience Insights""_4",0.891
lrgdfqs,2024-10-12 02:54:47,right receiv email travel fund thank god grace merci american airlin,AA,"""Travel Experience Insights""_3",0.7506
lrhth4f,2024-10-12 08:10:28,im happi,AA,"""Travel Experience""",0.0
lkf36ud,2024-08-29 07:34:47,,AA,"""Travel Experience Insights""",0.0
lhwgdjd,2024-08-13 20:40:25,folk lot data determin worth whatev reason aa want philli gateway given number gate ow partner vote wallet book aa stop show want fli aa even less conveni book oa nonstop show want nonstop,AA,"""Travel Experience Insights""",0.2263
lhqoy4n,2024-08-12 21:20:24,took cash sure pass along level like american kept money also everi major us airlin oper intern flight use codeshar like incred frustrat sure think futur make sure airlin your book airlin your fli ever find put standbi,AA,"""Travel Experience""",0.872
le6nbws,2024-07-21 12:46:56,travel insur,AA,"""Travel Experience Insights""_3",0.0
ldqcij4,2024-07-18 13:51:25,ye,AA,"""Travel Experience Insights""_4",0.0
ldm7xkg,2024-07-17 22:42:35,look way sister life worth spent well time need think karma point,AA,"""Travel Experience Insights""",0.4588
le1qwaq,2024-07-20 14:36:20,contract agre bought ticket credit good one year origin purchas date,AA,"""Travel Experience""_2",0.6705
lacr7d0,2024-06-26 20:31:30,season travel fail grasp issu understand partner airlin bigger issu iswa commun neither custom servic rep could help instead refer us other help desk check airport tell she standbi final get contact aa custom servic say variou version that strang weve never seen happen even tri tell wasnt standbi held board pass clearli said standbi flown numer airlin asia middl east europ none aa one partner multipl issu aa us move forward ill coordin travel take extra care avoid aa partner eventu work howev stress angst worth repeat aa doesnt wake chang process end anoth fail entiti travel option worker big lover due failur manag,AA,"""Travel Experience Insights""_3",-0.128
lacyvl5,2024-06-26 21:24:31,get frustrat question travel experi experi particular im say fli aa lot aer lingu even week experi come addit insight regard handl issu pop last trip mention knew aer lingu gla oneworld emerald statu via exec plat aa go net free seat select soon ticket book handl via x know im aa flight oper anoth carrier im go differ book refer need go individu airlin site order manag book seat meal select etc unless ticket book absolut last minut time deal question etc well checkin even checkin often requir need happen airport said thing cant speak standbi issu certainli strang im repres aa shill offer counterpoint ive never issu travel aa book flight includ segment british air flight oper aer lingu thing dont particularli like aer lingu isnt full oneworld partner statu benefit dont carri glad work hope goe well whatev airlin might choos futur,AA,"""Travel Experience""",0.9064
ladcot1,2024-06-26 22:48:12,glad thing work aa associ ff abl interact associ compani mind numbingli dumb ill take busi effect manag busi st centuri good day sir,AA,"""Travel Experience""",0.3818
le1resg,2024-07-20 14:41:53,didnt notic tell door close earli ticket probabl check luggag wait someon return properti leav,AA,"""Travel Experience""_2",0.0
le1uigl,2024-07-20 15:16:13,connect flight bought websit second sentenc doesntak sens guess goto restaur earli think reserv bring food,AA,"""Travel Experience""",0.0
lcb9ryw,2024-07-09 14:05:18,one week averag ba fill miss mile report onlin two week,AA,"""Travel Experience""_2",-0.1531
lcm1o8i,2024-07-11 10:03:02,thank,AA,"""Travel Experience Insights""_4",0.3612
l4luwh7,2024-05-18 22:48:22,bewar might get dread document check notic block check onlin im deal even though allow spous check onlin book custom servic useless onlin chat disconnect phone agent cant anyth lucki get repli whatsapp send hour later still havent repli,AA,"""Travel Experience Insights""",-0.7783
l4m6a3p,2024-05-19 00:02:47,thank head good luck resolv inde see passport detail websit even though iberia rep confirm ill probabl go airport earli person checkin situat margin better experi deal custom servic answer whatsapp that confirm seat assign show onlin ye onlin servic disconnect although email confirm seat assign agent phone cant anyth,AA,"""Travel Experience Insights""",0.8176
l0u8fpx,2024-04-23 11:30:42,dont option flexibl get youll see play may work perfectli,AA,"""Travel Experience Insights""_3",0.34
kxvznat,2024-04-04 02:05:50,yesssss love wish success interview,AA,"""Travel Experience Insights""",0.891
kw73qo3,2024-03-23 22:03:58,book travel travel agenc that,AA,"""Travel Experience Insights""_3",0.0
kv98wgk,2024-03-17 16:46:04,think cute stuf anim strawberri anyway check check ask carri say comfort pillow take hug hope check agent might show admir let pass,AA,"""Travel Experience""",0.8885
kt0vbp1,2024-03-03 01:06:42,lumbar injuri follow recent accid ye inde untoward trauma thank weigh,AA,"""Travel Experience Insights""_4",-0.0772
ks4i8fl,2024-02-26 05:27:32,one thing stroller lightli weight wont care scale gate almost everi singl carryon bag slightli bigger dimens wouldnt sweat,AA,"""Travel Experience Insights""",-0.3875
kho1e98,2024-01-13 22:00:20,nice,AA,"""Travel Experience Insights""",0.4215
